[{"model": "admin.logentry", "pk": 1, "fields": {"action_time": "2021-05-25T18:58:15.721Z", "user": 1, "content_type": 7, "object_id": "1", "object_repr": "Topic object (1)", "action_flag": 1, "change_message": "[{\"added\": {}}]"}}, {"model": "admin.logentry", "pk": 2, "fields": {"action_time": "2021-05-25T18:58:27.926Z", "user": 1, "content_type": 7, "object_id": "1", "object_repr": "Topic object (1)", "action_flag": 3, "change_message": ""}}, {"model": "admin.logentry", "pk": 3, "fields": {"action_time": "2021-05-25T18:59:41.893Z", "user": 1, "content_type": 7, "object_id": "2", "object_repr": "Topic object (2)", "action_flag": 1, "change_message": "[{\"added\": {}}]"}}, {"model": "admin.logentry", "pk": 4, "fields": {"action_time": "2021-05-25T19:00:15.867Z", "user": 1, "content_type": 7, "object_id": "3", "object_repr": "Topic object (3)", "action_flag": 1, "change_message": "[{\"added\": {}}]"}}, {"model": "admin.logentry", "pk": 5, "fields": {"action_time": "2021-05-25T19:00:21.910Z", "user": 1, "content_type": 7, "object_id": "4", "object_repr": "Topic object (4)", "action_flag": 1, "change_message": "[{\"added\": {}}]"}}, {"model": "admin.logentry", "pk": 6, "fields": {"action_time": "2021-05-25T19:01:07.939Z", "user": 1, "content_type": 7, "object_id": "5", "object_repr": "Topic object (5)", "action_flag": 1, "change_message": "[{\"added\": {}}]"}}, {"model": "admin.logentry", "pk": 7, "fields": {"action_time": "2021-05-25T19:01:18.520Z", "user": 1, "content_type": 7, "object_id": "6", "object_repr": "Topic object (6)", "action_flag": 1, "change_message": "[{\"added\": {}}]"}}, {"model": "admin.logentry", "pk": 8, "fields": {"action_time": "2021-05-25T19:08:26.436Z", "user": 1, "content_type": 8, "object_id": "1", "object_repr": "Course object (1)", "action_flag": 1, "change_message": "[{\"added\": {}}]"}}, {"model": "admin.logentry", "pk": 9, "fields": {"action_time": "2021-05-25T19:13:50.641Z", "user": 1, "content_type": 8, "object_id": "2", "object_repr": "Course object (2)", "action_flag": 1, "change_message": "[{\"added\": {}}]"}}, {"model": "admin.logentry", "pk": 10, "fields": {"action_time": "2021-05-25T19:14:08.956Z", "user": 1, "content_type": 8, "object_id": "3", "object_repr": "Course object (3)", "action_flag": 1, "change_message": "[{\"added\": {}}]"}}, {"model": "admin.logentry", "pk": 11, "fields": {"action_time": "2021-05-25T19:14:20.398Z", "user": 1, "content_type": 8, "object_id": "4", "object_repr": "Course object (4)", "action_flag": 1, "change_message": "[{\"added\": {}}]"}}, {"model": "admin.logentry", "pk": 12, "fields": {"action_time": "2021-05-25T19:14:46.312Z", "user": 1, "content_type": 8, "object_id": "5", "object_repr": "Course object (5)", "action_flag": 1, "change_message": "[{\"added\": {}}]"}}, {"model": "admin.logentry", "pk": 13, "fields": {"action_time": "2021-05-25T19:14:59.007Z", "user": 1, "content_type": 8, "object_id": "6", "object_repr": "Course object (6)", "action_flag": 1, "change_message": "[{\"added\": {}}]"}}, {"model": "admin.logentry", "pk": 14, "fields": {"action_time": "2021-05-25T19:15:13.825Z", "user": 1, "content_type": 8, "object_id": "7", "object_repr": "Course object (7)", "action_flag": 1, "change_message": "[{\"added\": {}}]"}}, {"model": "admin.logentry", "pk": 15, "fields": {"action_time": "2021-05-25T19:15:43.936Z", "user": 1, "content_type": 8, "object_id": "8", "object_repr": "Course object (8)", "action_flag": 1, "change_message": "[{\"added\": {}}]"}}, {"model": "admin.logentry", "pk": 16, "fields": {"action_time": "2021-05-25T19:16:09.184Z", "user": 1, "content_type": 8, "object_id": "9", "object_repr": "Course object (9)", "action_flag": 1, "change_message": "[{\"added\": {}}]"}}, {"model": "admin.logentry", "pk": 17, "fields": {"action_time": "2021-05-25T19:16:26.594Z", "user": 1, "content_type": 8, "object_id": "10", "object_repr": "Course object (10)", "action_flag": 1, "change_message": "[{\"added\": {}}]"}}, {"model": "admin.logentry", "pk": 18, "fields": {"action_time": "2021-05-25T19:16:43.646Z", "user": 1, "content_type": 8, "object_id": "11", "object_repr": "Course object (11)", "action_flag": 1, "change_message": "[{\"added\": {}}]"}}, {"model": "admin.logentry", "pk": 19, "fields": {"action_time": "2021-05-25T19:17:05.782Z", "user": 1, "content_type": 8, "object_id": "12", "object_repr": "Course object (12)", "action_flag": 1, "change_message": "[{\"added\": {}}]"}}, {"model": "admin.logentry", "pk": 20, "fields": {"action_time": "2021-05-25T19:17:21.225Z", "user": 1, "content_type": 8, "object_id": "13", "object_repr": "Course object (13)", "action_flag": 1, "change_message": "[{\"added\": {}}]"}}, {"model": "admin.logentry", "pk": 21, "fields": {"action_time": "2021-05-25T19:17:34.890Z", "user": 1, "content_type": 8, "object_id": "14", "object_repr": "Course object (14)", "action_flag": 1, "change_message": "[{\"added\": {}}]"}}, {"model": "admin.logentry", "pk": 22, "fields": {"action_time": "2021-05-25T19:17:48.765Z", "user": 1, "content_type": 8, "object_id": "15", "object_repr": "Course object (15)", "action_flag": 1, "change_message": "[{\"added\": {}}]"}}, {"model": "admin.logentry", "pk": 23, "fields": {"action_time": "2021-05-25T19:18:03.532Z", "user": 1, "content_type": 8, "object_id": "16", "object_repr": "Course object (16)", "action_flag": 1, "change_message": "[{\"added\": {}}]"}}, {"model": "admin.logentry", "pk": 24, "fields": {"action_time": "2021-05-25T19:18:17.124Z", "user": 1, "content_type": 8, "object_id": "17", "object_repr": "Course object (17)", "action_flag": 1, "change_message": "[{\"added\": {}}]"}}, {"model": "admin.logentry", "pk": 25, "fields": {"action_time": "2021-06-06T05:15:29.449Z", "user": 1, "content_type": 9, "object_id": "2", "object_repr": "John", "action_flag": 1, "change_message": "[{\"added\": {}}]"}}, {"model": "admin.logentry", "pk": 26, "fields": {"action_time": "2021-06-06T05:17:14.279Z", "user": 1, "content_type": 9, "object_id": "3", "object_repr": "Mary", "action_flag": 1, "change_message": "[{\"added\": {}}]"}}, {"model": "admin.logentry", "pk": 27, "fields": {"action_time": "2021-06-06T05:18:10.330Z", "user": 1, "content_type": 9, "object_id": "4", "object_repr": "Alan", "action_flag": 1, "change_message": "[{\"added\": {}}]"}}, {"model": "admin.logentry", "pk": 28, "fields": {"action_time": "2021-06-06T05:19:18.050Z", "user": 1, "content_type": 9, "object_id": "5", "object_repr": "Josh", "action_flag": 1, "change_message": "[{\"added\": {}}]"}}, {"model": "admin.logentry", "pk": 29, "fields": {"action_time": "2021-06-06T05:20:26.137Z", "user": 1, "content_type": 9, "object_id": "6", "object_repr": "Chris", "action_flag": 1, "change_message": "[{\"added\": {}}]"}}, {"model": "admin.logentry", "pk": 30, "fields": {"action_time": "2021-06-06T05:21:27.356Z", "user": 1, "content_type": 10, "object_id": "1", "object_repr": "{0}  o", "action_flag": 1, "change_message": "[{\"added\": {}}]"}}, {"model": "admin.logentry", "pk": 31, "fields": {"action_time": "2021-06-06T05:21:42.308Z", "user": 1, "content_type": 10, "object_id": "2", "object_repr": "{0}  o", "action_flag": 1, "change_message": "[{\"added\": {}}]"}}, {"model": "admin.logentry", "pk": 32, "fields": {"action_time": "2021-06-06T05:22:05.862Z", "user": 1, "content_type": 10, "object_id": "3", "object_repr": "{0}  o", "action_flag": 1, "change_message": "[{\"added\": {}}]"}}, {"model": "admin.logentry", "pk": 33, "fields": {"action_time": "2021-06-06T06:06:03.190Z", "user": 1, "content_type": 7, "object_id": "5", "object_repr": "Sports", "action_flag": 2, "change_message": "[{\"changed\": {\"fields\": [\"Length\"]}}]"}}, {"model": "admin.logentry", "pk": 34, "fields": {"action_time": "2021-06-06T06:06:24.948Z", "user": 1, "content_type": 7, "object_id": "4", "object_repr": "IT Certification", "action_flag": 2, "change_message": "[{\"changed\": {\"fields\": [\"Length\"]}}]"}}, {"model": "admin.logentry", "pk": 35, "fields": {"action_time": "2021-06-06T06:06:38.613Z", "user": 1, "content_type": 7, "object_id": "2", "object_repr": "Web Development", "action_flag": 2, "change_message": "[{\"changed\": {\"fields\": [\"Length\"]}}]"}}, {"model": "admin.logentry", "pk": 36, "fields": {"action_time": "2021-07-19T02:00:30.007Z", "user": 1, "content_type": 10, "object_id": "6", "object_repr": "Josh ordered 0 courses for $0", "action_flag": 3, "change_message": ""}}, {"model": "admin.logentry", "pk": 37, "fields": {"action_time": "2021-07-19T02:00:31.452Z", "user": 1, "content_type": 10, "object_id": "5", "object_repr": "Josh ordered 0 courses for $0", "action_flag": 3, "change_message": ""}}, {"model": "admin.logentry", "pk": 38, "fields": {"action_time": "2021-07-19T02:00:31.688Z", "user": 1, "content_type": 10, "object_id": "4", "object_repr": "Mary ordered 0 courses for $0", "action_flag": 3, "change_message": ""}}, {"model": "admin.logentry", "pk": 39, "fields": {"action_time": "2021-07-19T02:10:17.352Z", "user": 1, "content_type": 10, "object_id": "9", "object_repr": "Josh ordered 3 courses for $409.97", "action_flag": 3, "change_message": ""}}, {"model": "admin.logentry", "pk": 40, "fields": {"action_time": "2021-07-19T02:10:17.503Z", "user": 1, "content_type": 10, "object_id": "8", "object_repr": "Josh ordered 3 courses for $409.97", "action_flag": 3, "change_message": ""}}, {"model": "admin.logentry", "pk": 41, "fields": {"action_time": "2021-07-19T02:10:17.651Z", "user": 1, "content_type": 10, "object_id": "7", "object_repr": "Josh ordered 0 courses for $0", "action_flag": 3, "change_message": ""}}, {"model": "admin.logentry", "pk": 42, "fields": {"action_time": "2021-07-19T02:13:01.737Z", "user": 1, "content_type": 10, "object_id": "12", "object_repr": "Josh ordered 3 courses for $409.97", "action_flag": 3, "change_message": ""}}, {"model": "admin.logentry", "pk": 43, "fields": {"action_time": "2021-07-19T02:13:01.879Z", "user": 1, "content_type": 10, "object_id": "11", "object_repr": "Josh ordered 3 courses for $409.97", "action_flag": 3, "change_message": ""}}, {"model": "admin.logentry", "pk": 44, "fields": {"action_time": "2021-07-19T02:13:02.050Z", "user": 1, "content_type": 10, "object_id": "10", "object_repr": "Josh ordered 3 courses for $409.97", "action_flag": 3, "change_message": ""}}, {"model": "admin.logentry", "pk": 45, "fields": {"action_time": "2021-07-21T01:22:32.742Z", "user": 1, "content_type": 10, "object_id": "22", "object_repr": "Alan's order for 4 courses at $634.96 is confirmed", "action_flag": 3, "change_message": ""}}, {"model": "admin.logentry", "pk": 46, "fields": {"action_time": "2021-07-21T01:22:32.923Z", "user": 1, "content_type": 10, "object_id": "21", "object_repr": "Alan's order for 4 courses at $634.96 is confirmed", "action_flag": 3, "change_message": ""}}, {"model": "admin.logentry", "pk": 47, "fields": {"action_time": "2021-07-21T01:22:33.086Z", "user": 1, "content_type": 10, "object_id": "20", "object_repr": "Mary's order for 3 courses at $409.97 is confirmed", "action_flag": 3, "change_message": ""}}, {"model": "admin.logentry", "pk": 48, "fields": {"action_time": "2021-07-21T01:22:33.294Z", "user": 1, "content_type": 10, "object_id": "19", "object_repr": "Alan's order for 1 courses at $149.99 is confirmed", "action_flag": 3, "change_message": ""}}, {"model": "admin.logentry", "pk": 49, "fields": {"action_time": "2021-07-21T01:22:33.472Z", "user": 1, "content_type": 10, "object_id": "18", "object_repr": "Mary's order for 1 courses at $199.99 is cancelled", "action_flag": 3, "change_message": ""}}, {"model": "admin.logentry", "pk": 50, "fields": {"action_time": "2021-07-21T01:22:33.712Z", "user": 1, "content_type": 10, "object_id": "17", "object_repr": "Mary's order for 1 courses at $199.99 is on hold", "action_flag": 3, "change_message": ""}}, {"model": "admin.logentry", "pk": 51, "fields": {"action_time": "2021-07-21T01:22:33.958Z", "user": 1, "content_type": 10, "object_id": "16", "object_repr": "Mary's order for 1 courses at $199.99 is confirmed", "action_flag": 3, "change_message": ""}}, {"model": "admin.logentry", "pk": 52, "fields": {"action_time": "2021-07-21T01:22:34.235Z", "user": 1, "content_type": 10, "object_id": "15", "object_repr": "John's order for 2 courses at $274.98 is confirmed", "action_flag": 3, "change_message": ""}}, {"model": "admin.logentry", "pk": 53, "fields": {"action_time": "2021-07-21T01:22:34.401Z", "user": 1, "content_type": 10, "object_id": "14", "object_repr": "Mary's order for 1 courses at $199.99 is cancelled", "action_flag": 3, "change_message": ""}}, {"model": "admin.logentry", "pk": 54, "fields": {"action_time": "2021-07-21T01:22:34.541Z", "user": 1, "content_type": 10, "object_id": "13", "object_repr": "John's order for 2 courses at $334.98 is confirmed", "action_flag": 3, "change_message": ""}}, {"model": "admin.logentry", "pk": 55, "fields": {"action_time": "2021-07-21T01:22:34.752Z", "user": 1, "content_type": 10, "object_id": "12", "object_repr": "John's order for 3 courses at $509.97 is on hold", "action_flag": 3, "change_message": ""}}, {"model": "admin.logentry", "pk": 56, "fields": {"action_time": "2021-07-21T01:22:34.977Z", "user": 1, "content_type": 10, "object_id": "11", "object_repr": "John's order for 3 courses at $509.97 is on hold", "action_flag": 3, "change_message": ""}}, {"model": "admin.logentry", "pk": 57, "fields": {"action_time": "2021-07-21T01:22:35.191Z", "user": 1, "content_type": 10, "object_id": "10", "object_repr": "Alan's order for 3 courses at $479.97 is confirmed", "action_flag": 3, "change_message": ""}}, {"model": "admin.logentry", "pk": 58, "fields": {"action_time": "2021-07-21T01:22:35.358Z", "user": 1, "content_type": 10, "object_id": "9", "object_repr": "Alan's order for 3 courses at $479.97 is confirmed", "action_flag": 3, "change_message": ""}}, {"model": "admin.logentry", "pk": 59, "fields": {"action_time": "2021-07-21T01:22:35.515Z", "user": 1, "content_type": 10, "object_id": "8", "object_repr": "Alan's order for 3 courses at $479.97 is confirmed", "action_flag": 3, "change_message": ""}}, {"model": "admin.logentry", "pk": 60, "fields": {"action_time": "2021-07-21T01:22:35.667Z", "user": 1, "content_type": 10, "object_id": "7", "object_repr": "Alan's order for 3 courses at $479.97 is confirmed", "action_flag": 3, "change_message": ""}}, {"model": "admin.logentry", "pk": 61, "fields": {"action_time": "2021-07-21T01:22:35.803Z", "user": 1, "content_type": 10, "object_id": "6", "object_repr": "Alan's order for 3 courses at $479.97 is confirmed", "action_flag": 3, "change_message": ""}}, {"model": "admin.logentry", "pk": 62, "fields": {"action_time": "2021-07-21T01:22:36.120Z", "user": 1, "content_type": 10, "object_id": "5", "object_repr": "Alan's order for 3 courses at $479.97 is confirmed", "action_flag": 3, "change_message": ""}}, {"model": "admin.logentry", "pk": 63, "fields": {"action_time": "2021-07-21T01:22:36.456Z", "user": 1, "content_type": 10, "object_id": "4", "object_repr": "Chris's order for 3 courses at $489.97 is confirmed", "action_flag": 3, "change_message": ""}}, {"model": "admin.logentry", "pk": 64, "fields": {"action_time": "2021-07-21T01:22:36.671Z", "user": 1, "content_type": 10, "object_id": "3", "object_repr": "Chris's order for 2 courses at $349.98 is confirmed", "action_flag": 3, "change_message": ""}}, {"model": "admin.logentry", "pk": 65, "fields": {"action_time": "2021-07-21T01:22:36.925Z", "user": 1, "content_type": 10, "object_id": "2", "object_repr": "Alan's order for 1 courses at $119.99 is confirmed", "action_flag": 3, "change_message": ""}}, {"model": "admin.logentry", "pk": 66, "fields": {"action_time": "2021-07-21T01:22:37.113Z", "user": 1, "content_type": 10, "object_id": "1", "object_repr": "John's order for 2 courses at $359.98 is confirmed", "action_flag": 3, "change_message": ""}}, {"model": "admin.logentry", "pk": 67, "fields": {"action_time": "2021-07-21T01:26:33.099Z", "user": 1, "content_type": 10, "object_id": "24", "object_repr": "Mary's order for 0 courses at $0 is confirmed", "action_flag": 3, "change_message": ""}}, {"model": "admin.logentry", "pk": 68, "fields": {"action_time": "2021-07-25T05:15:09.600Z", "user": 1, "content_type": 4, "object_id": "7", "object_repr": "prab", "action_flag": 2, "change_message": "[{\"changed\": {\"fields\": [\"Active\"]}}]"}}, {"model": "admin.logentry", "pk": 69, "fields": {"action_time": "2021-07-25T05:15:40.795Z", "user": 1, "content_type": 4, "object_id": "7", "object_repr": "prab", "action_flag": 2, "change_message": "[{\"changed\": {\"fields\": [\"Active\"]}}]"}}, {"model": "admin.logentry", "pk": 70, "fields": {"action_time": "2021-07-25T05:15:41.115Z", "user": 1, "content_type": 4, "object_id": "7", "object_repr": "prab", "action_flag": 2, "change_message": "[]"}}, {"model": "admin.logentry", "pk": 71, "fields": {"action_time": "2021-07-26T19:52:03.517Z", "user": 1, "content_type": 9, "object_id": "8", "object_repr": "8 Prabhjyot Singh Dhillon", "action_flag": 1, "change_message": "[{\"added\": {}}]"}}, {"model": "admin.logentry", "pk": 72, "fields": {"action_time": "2021-07-26T19:57:23.464Z", "user": 1, "content_type": 9, "object_id": "9", "object_repr": "9 Prabhjyot Singh Dhillon", "action_flag": 2, "change_message": "[{\"changed\": {\"fields\": [\"First name\", \"Last name\", \"Level\", \"Registered courses\", \"Interested in\"]}}]"}}, {"model": "admin.logentry", "pk": 73, "fields": {"action_time": "2021-07-26T19:57:31.351Z", "user": 1, "content_type": 9, "object_id": "8", "object_repr": "8 Prabhjyot Singh Dhillon", "action_flag": 3, "change_message": ""}}, {"model": "admin.logentry", "pk": 74, "fields": {"action_time": "2021-08-01T18:37:28.353Z", "user": 1, "content_type": 9, "object_id": "9", "object_repr": "9 Prabhjyot Singh Dhillon", "action_flag": 2, "change_message": "[{\"changed\": {\"fields\": [\"Interested in\"]}}]"}}, {"model": "admin.logentry", "pk": 75, "fields": {"action_time": "2021-08-01T19:14:18.890Z", "user": 1, "content_type": 9, "object_id": "10", "object_repr": "10 Eclairs Cadbury", "action_flag": 3, "change_message": ""}}, {"model": "admin.logentry", "pk": 76, "fields": {"action_time": "2021-08-01T19:16:18.516Z", "user": 1, "content_type": 9, "object_id": "11", "object_repr": "11 Eclairs Cadbury", "action_flag": 3, "change_message": ""}}, {"model": "admin.logentry", "pk": 77, "fields": {"action_time": "2021-08-01T19:28:00.042Z", "user": 1, "content_type": 9, "object_id": "12", "object_repr": "12  ", "action_flag": 3, "change_message": ""}}, {"model": "admin.logentry", "pk": 78, "fields": {"action_time": "2021-08-01T19:30:47.660Z", "user": 1, "content_type": 9, "object_id": "13", "object_repr": "13 Eclairs Cadbury", "action_flag": 3, "change_message": ""}}, {"model": "admin.logentry", "pk": 79, "fields": {"action_time": "2021-08-01T19:33:48.339Z", "user": 1, "content_type": 9, "object_id": "14", "object_repr": "14 Eclairs Cadbury", "action_flag": 3, "change_message": ""}}, {"model": "admin.logentry", "pk": 80, "fields": {"action_time": "2021-08-03T02:32:59.249Z", "user": 1, "content_type": 9, "object_id": "17", "object_repr": "17 Patrick Lindberg", "action_flag": 3, "change_message": ""}}, {"model": "admin.logentry", "pk": 81, "fields": {"action_time": "2021-08-03T02:35:41.818Z", "user": 1, "content_type": 9, "object_id": "18", "object_repr": "18 Patrick Lindberg", "action_flag": 3, "change_message": ""}}, {"model": "admin.logentry", "pk": 82, "fields": {"action_time": "2021-08-03T02:41:25.932Z", "user": 1, "content_type": 9, "object_id": "19", "object_repr": "19 Patrick Lindberg", "action_flag": 3, "change_message": ""}}, {"model": "admin.logentry", "pk": 83, "fields": {"action_time": "2021-08-03T02:46:10.674Z", "user": 1, "content_type": 9, "object_id": "20", "object_repr": "20 Patrick Lindberg", "action_flag": 3, "change_message": ""}}, {"model": "admin.logentry", "pk": 84, "fields": {"action_time": "2021-08-03T03:05:42.106Z", "user": 1, "content_type": 9, "object_id": "9", "object_repr": "9 Prabhjyot Singh Dhillon", "action_flag": 2, "change_message": "[{\"changed\": {\"fields\": [\"Picture\"]}}]"}}, {"model": "admin.logentry", "pk": 85, "fields": {"action_time": "2021-08-03T03:30:13.747Z", "user": 1, "content_type": 9, "object_id": "9", "object_repr": "9 Prabhjyot Singh Dhillon", "action_flag": 2, "change_message": "[{\"changed\": {\"fields\": [\"Picture\"]}}]"}}, {"model": "admin.logentry", "pk": 86, "fields": {"action_time": "2021-08-03T03:32:27.323Z", "user": 1, "content_type": 9, "object_id": "9", "object_repr": "9 Prabhjyot Singh Dhillon", "action_flag": 2, "change_message": "[{\"changed\": {\"fields\": [\"Picture\"]}}]"}}, {"model": "admin.logentry", "pk": 87, "fields": {"action_time": "2021-08-03T18:49:16.490Z", "user": 1, "content_type": 9, "object_id": "9", "object_repr": "9 Prabhjyot Singh Dhillon", "action_flag": 2, "change_message": "[{\"changed\": {\"fields\": [\"Email address\"]}}]"}}, {"model": "admin.logentry", "pk": 88, "fields": {"action_time": "2021-08-04T20:28:09.953Z", "user": 22, "content_type": 4, "object_id": "22", "object_repr": "adaobi", "action_flag": 2, "change_message": "[{\"changed\": {\"fields\": [\"First name\", \"Last name\"]}}]"}}, {"model": "admin.logentry", "pk": 89, "fields": {"action_time": "2021-08-06T05:21:56.327Z", "user": 1, "content_type": 8, "object_id": "18", "object_repr": "Something", "action_flag": 2, "change_message": "[{\"changed\": {\"fields\": [\"Price\"]}}]"}}, {"model": "admin.logentry", "pk": 90, "fields": {"action_time": "2021-08-06T05:22:03.079Z", "user": 1, "content_type": 8, "object_id": "18", "object_repr": "Something", "action_flag": 2, "change_message": "[{\"changed\": {\"fields\": [\"Price\"]}}]"}}, {"model": "admin.logentry", "pk": 91, "fields": {"action_time": "2021-08-07T17:56:28.064Z", "user": 1, "content_type": 8, "object_id": "18", "object_repr": "Something", "action_flag": 2, "change_message": "[{\"changed\": {\"fields\": [\"Price\"]}}]"}}, {"model": "admin.logentry", "pk": 92, "fields": {"action_time": "2021-08-07T17:56:37.441Z", "user": 1, "content_type": 8, "object_id": "18", "object_repr": "Something", "action_flag": 2, "change_message": "[{\"changed\": {\"fields\": [\"Price\"]}}]"}}, {"model": "admin.logentry", "pk": 93, "fields": {"action_time": "2021-08-07T17:57:23.160Z", "user": 1, "content_type": 8, "object_id": "18", "object_repr": "Something", "action_flag": 2, "change_message": "[{\"changed\": {\"fields\": [\"Price\"]}}]"}}, {"model": "admin.logentry", "pk": 94, "fields": {"action_time": "2021-08-09T00:28:54.437Z", "user": 26, "content_type": 9, "object_id": "25", "object_repr": "25 Fredweik Sterner", "action_flag": 3, "change_message": ""}}, {"model": "admin.logentry", "pk": 95, "fields": {"action_time": "2021-08-09T00:28:54.456Z", "user": 26, "content_type": 9, "object_id": "24", "object_repr": "24  ", "action_flag": 3, "change_message": ""}}, {"model": "admin.logentry", "pk": 96, "fields": {"action_time": "2021-08-09T00:28:54.480Z", "user": 26, "content_type": 9, "object_id": "25", "object_repr": "25 Fredweik Sterner", "action_flag": 3, "change_message": ""}}, {"model": "admin.logentry", "pk": 97, "fields": {"action_time": "2021-08-09T00:28:54.502Z", "user": 26, "content_type": 9, "object_id": "24", "object_repr": "24  ", "action_flag": 3, "change_message": ""}}, {"model": "admin.logentry", "pk": 98, "fields": {"action_time": "2021-08-09T00:29:08.591Z", "user": 26, "content_type": 9, "object_id": "23", "object_repr": "23 User Joe", "action_flag": 3, "change_message": ""}}, {"model": "admin.logentry", "pk": 99, "fields": {"action_time": "2021-08-09T00:29:08.603Z", "user": 26, "content_type": 9, "object_id": "21", "object_repr": "21 Patrick Lindberg", "action_flag": 3, "change_message": ""}}, {"model": "admin.logentry", "pk": 100, "fields": {"action_time": "2021-08-09T00:29:08.611Z", "user": 26, "content_type": 9, "object_id": "16", "object_repr": "16 Someone Unknown", "action_flag": 3, "change_message": ""}}, {"model": "admin.logentry", "pk": 101, "fields": {"action_time": "2021-08-09T00:29:08.619Z", "user": 26, "content_type": 9, "object_id": "15", "object_repr": "15 Eclairs Cadbury", "action_flag": 3, "change_message": ""}}, {"model": "admin.logentry", "pk": 102, "fields": {"action_time": "2021-08-09T00:29:16.754Z", "user": 26, "content_type": 9, "object_id": "9", "object_repr": "9 Prabhjyot Singh Dhillon", "action_flag": 3, "change_message": ""}}, {"model": "auth.permission", "pk": 1, "fields": {"name": "Can add log entry", "content_type": 1, "codename": "add_logentry"}}, {"model": "auth.permission", "pk": 2, "fields": {"name": "Can change log entry", "content_type": 1, "codename": "change_logentry"}}, {"model": "auth.permission", "pk": 3, "fields": {"name": "Can delete log entry", "content_type": 1, "codename": "delete_logentry"}}, {"model": "auth.permission", "pk": 4, "fields": {"name": "Can view log entry", "content_type": 1, "codename": "view_logentry"}}, {"model": "auth.permission", "pk": 5, "fields": {"name": "Can add permission", "content_type": 2, "codename": "add_permission"}}, {"model": "auth.permission", "pk": 6, "fields": {"name": "Can change permission", "content_type": 2, "codename": "change_permission"}}, {"model": "auth.permission", "pk": 7, "fields": {"name": "Can delete permission", "content_type": 2, "codename": "delete_permission"}}, {"model": "auth.permission", "pk": 8, "fields": {"name": "Can view permission", "content_type": 2, "codename": "view_permission"}}, {"model": "auth.permission", "pk": 9, "fields": {"name": "Can add group", "content_type": 3, "codename": "add_group"}}, {"model": "auth.permission", "pk": 10, "fields": {"name": "Can change group", "content_type": 3, "codename": "change_group"}}, {"model": "auth.permission", "pk": 11, "fields": {"name": "Can delete group", "content_type": 3, "codename": "delete_group"}}, {"model": "auth.permission", "pk": 12, "fields": {"name": "Can view group", "content_type": 3, "codename": "view_group"}}, {"model": "auth.permission", "pk": 13, "fields": {"name": "Can add user", "content_type": 4, "codename": "add_user"}}, {"model": "auth.permission", "pk": 14, "fields": {"name": "Can change user", "content_type": 4, "codename": "change_user"}}, {"model": "auth.permission", "pk": 15, "fields": {"name": "Can delete user", "content_type": 4, "codename": "delete_user"}}, {"model": "auth.permission", "pk": 16, "fields": {"name": "Can view user", "content_type": 4, "codename": "view_user"}}, {"model": "auth.permission", "pk": 17, "fields": {"name": "Can add content type", "content_type": 5, "codename": "add_contenttype"}}, {"model": "auth.permission", "pk": 18, "fields": {"name": "Can change content type", "content_type": 5, "codename": "change_contenttype"}}, {"model": "auth.permission", "pk": 19, "fields": {"name": "Can delete content type", "content_type": 5, "codename": "delete_contenttype"}}, {"model": "auth.permission", "pk": 20, "fields": {"name": "Can view content type", "content_type": 5, "codename": "view_contenttype"}}, {"model": "auth.permission", "pk": 21, "fields": {"name": "Can add session", "content_type": 6, "codename": "add_session"}}, {"model": "auth.permission", "pk": 22, "fields": {"name": "Can change session", "content_type": 6, "codename": "change_session"}}, {"model": "auth.permission", "pk": 23, "fields": {"name": "Can delete session", "content_type": 6, "codename": "delete_session"}}, {"model": "auth.permission", "pk": 24, "fields": {"name": "Can view session", "content_type": 6, "codename": "view_session"}}, {"model": "auth.permission", "pk": 25, "fields": {"name": "Can add topic", "content_type": 7, "codename": "add_topic"}}, {"model": "auth.permission", "pk": 26, "fields": {"name": "Can change topic", "content_type": 7, "codename": "change_topic"}}, {"model": "auth.permission", "pk": 27, "fields": {"name": "Can delete topic", "content_type": 7, "codename": "delete_topic"}}, {"model": "auth.permission", "pk": 28, "fields": {"name": "Can view topic", "content_type": 7, "codename": "view_topic"}}, {"model": "auth.permission", "pk": 29, "fields": {"name": "Can add course", "content_type": 8, "codename": "add_course"}}, {"model": "auth.permission", "pk": 30, "fields": {"name": "Can change course", "content_type": 8, "codename": "change_course"}}, {"model": "auth.permission", "pk": 31, "fields": {"name": "Can delete course", "content_type": 8, "codename": "delete_course"}}, {"model": "auth.permission", "pk": 32, "fields": {"name": "Can view course", "content_type": 8, "codename": "view_course"}}, {"model": "auth.permission", "pk": 33, "fields": {"name": "Can add user", "content_type": 9, "codename": "add_student"}}, {"model": "auth.permission", "pk": 34, "fields": {"name": "Can change user", "content_type": 9, "codename": "change_student"}}, {"model": "auth.permission", "pk": 35, "fields": {"name": "Can delete user", "content_type": 9, "codename": "delete_student"}}, {"model": "auth.permission", "pk": 36, "fields": {"name": "Can view user", "content_type": 9, "codename": "view_student"}}, {"model": "auth.permission", "pk": 37, "fields": {"name": "Can add order", "content_type": 10, "codename": "add_order"}}, {"model": "auth.permission", "pk": 38, "fields": {"name": "Can change order", "content_type": 10, "codename": "change_order"}}, {"model": "auth.permission", "pk": 39, "fields": {"name": "Can delete order", "content_type": 10, "codename": "delete_order"}}, {"model": "auth.permission", "pk": 40, "fields": {"name": "Can view order", "content_type": 10, "codename": "view_order"}}, {"model": "auth.permission", "pk": 41, "fields": {"name": "Can add review", "content_type": 11, "codename": "add_review"}}, {"model": "auth.permission", "pk": 42, "fields": {"name": "Can change review", "content_type": 11, "codename": "change_review"}}, {"model": "auth.permission", "pk": 43, "fields": {"name": "Can delete review", "content_type": 11, "codename": "delete_review"}}, {"model": "auth.permission", "pk": 44, "fields": {"name": "Can view review", "content_type": 11, "codename": "view_review"}}, {"model": "auth.user", "pk": 1, "fields": {"password": "pbkdf2_sha256$260000$UVZE8Cztb9gOFcyph4brik$EQ04jexJOufMZge1tGiecwxn+hLcWkSE0wavRr3EhJE=", "last_login": "2021-08-07T23:03:26.312Z", "is_superuser": true, "username": "admin", "first_name": "", "last_name": "", "email": "dhillo91@uwindsor.ca", "is_staff": true, "is_active": true, "date_joined": "2021-05-25T18:49:43.898Z", "groups": [], "user_permissions": []}}, {"model": "auth.user", "pk": 2, "fields": {"password": "john1234", "last_login": null, "is_superuser": false, "username": "john", "first_name": "John", "last_name": "Smith", "email": "", "is_staff": false, "is_active": true, "date_joined": "2021-06-06T05:11:43Z", "groups": [], "user_permissions": []}}, {"model": "auth.user", "pk": 3, "fields": {"password": "pbkdf2_sha256$260000$B1sjh5HEz2gN57wDgvVwsq$p5AI7iglKANiZJmyBXysPI8OCbxM3hBspG4KWNIn53g=", "last_login": "2021-08-04T21:33:58.355Z", "is_superuser": false, "username": "mary", "first_name": "Mary", "last_name": "Jones", "email": "", "is_staff": false, "is_active": true, "date_joined": "2021-06-06T05:15:29Z", "groups": [], "user_permissions": []}}, {"model": "auth.user", "pk": 4, "fields": {"password": "alan1234", "last_login": null, "is_superuser": false, "username": "alan", "first_name": "Alan", "last_name": "George", "email": "", "is_staff": false, "is_active": true, "date_joined": "2021-06-06T05:17:15Z", "groups": [], "user_permissions": []}}, {"model": "auth.user", "pk": 5, "fields": {"password": "pbkdf2_sha256$260000$C8YFN6YmrnLYIrgSq8bUaN$mY5+1cg5UZOPQc/UanOQWBffQJ4ciAr7IHTdoW7K3ng=", "last_login": "2021-08-07T18:26:09.916Z", "is_superuser": false, "username": "josh", "first_name": "Josh", "last_name": "Jones", "email": "", "is_staff": false, "is_active": true, "date_joined": "2021-06-06T05:18:11Z", "groups": [], "user_permissions": []}}, {"model": "auth.user", "pk": 6, "fields": {"password": "chris1234", "last_login": null, "is_superuser": false, "username": "chris", "first_name": "Chris", "last_name": "Hall", "email": "", "is_staff": false, "is_active": true, "date_joined": "2021-06-06T05:19:19Z", "groups": [], "user_permissions": []}}, {"model": "auth.user", "pk": 7, "fields": {"password": "pbkdf2_sha256$260000$MBVrQaO5HDOi2gYrhCd6ym$GvlfGyC0vFbzH4sQi9a+ugYhX7LziZHBoqtQ2CGnU6k=", "last_login": "2021-07-26T20:15:38.451Z", "is_superuser": false, "username": "prab", "first_name": "", "last_name": "", "email": "p@g.com", "is_staff": false, "is_active": true, "date_joined": "2021-07-25T05:08:35Z", "groups": [], "user_permissions": []}}, {"model": "auth.user", "pk": 22, "fields": {"password": "pbkdf2_sha256$260000$yDRLuxotqRveH9nkRjqAHg$zu6wVZw2P1v/y7nc1dckHoQx6h0kwdEkGq92LdDCsr8=", "last_login": "2021-08-04T21:36:42.416Z", "is_superuser": true, "username": "adaobi", "first_name": "Adaobi", "last_name": "Aniuchi", "email": "michelllle1996@gmail.com", "is_staff": true, "is_active": true, "date_joined": "2021-08-04T20:22:01Z", "groups": [], "user_permissions": []}}, {"model": "auth.user", "pk": 26, "fields": {"password": "pbkdf2_sha256$260000$qW9gy99q5Dc5Cdj9uIQ7wY$ElAe//5Yv+pDFsBb7nZ8gp7Qh9X3M0yYJV6dF6lEnxY=", "last_login": "2021-08-09T00:28:36.198Z", "is_superuser": true, "username": "vannawa", "first_name": "", "last_name": "", "email": "vmouni777@gmail.com", "is_staff": true, "is_active": true, "date_joined": "2021-08-08T22:45:52.620Z", "groups": [], "user_permissions": []}}, {"model": "contenttypes.contenttype", "pk": 1, "fields": {"app_label": "admin", "model": "logentry"}}, {"model": "contenttypes.contenttype", "pk": 2, "fields": {"app_label": "auth", "model": "permission"}}, {"model": "contenttypes.contenttype", "pk": 3, "fields": {"app_label": "auth", "model": "group"}}, {"model": "contenttypes.contenttype", "pk": 4, "fields": {"app_label": "auth", "model": "user"}}, {"model": "contenttypes.contenttype", "pk": 5, "fields": {"app_label": "contenttypes", "model": "contenttype"}}, {"model": "contenttypes.contenttype", "pk": 6, "fields": {"app_label": "sessions", "model": "session"}}, {"model": "contenttypes.contenttype", "pk": 7, "fields": {"app_label": "myapp", "model": "topic"}}, {"model": "contenttypes.contenttype", "pk": 8, "fields": {"app_label": "myapp", "model": "course"}}, {"model": "contenttypes.contenttype", "pk": 9, "fields": {"app_label": "myapp", "model": "student"}}, {"model": "contenttypes.contenttype", "pk": 10, "fields": {"app_label": "myapp", "model": "order"}}, {"model": "contenttypes.contenttype", "pk": 11, "fields": {"app_label": "myapp", "model": "review"}}, {"model": "sessions.session", "pk": "4zwvw3y3wbbll0lhpzufof96o1ocbwhv", "fields": {"session_data": ".eJxVjrtuwzAQBP-FbWLiSIrPMn0698RJd7aYCKQhyoCDIP8eCXCRtDu7g_0WGe_bnO-d11xIJBHF699sxOmT6wHoA-u1yanVbS2jPCrySbt8b8TL27P7TzBjn_f1ZKJlNkjIKqLxQFbDaOmiTfQUCUGNmpxRwWvL5MiHwbgYBs8YLqR26YJ9y0u7lrr7NGh1gnACf9Y6KZ8GLcEF6-ILQAI4TnTuvbSa-XEr65dIxgH8_AISb0tT:1mCUdS:VZ4rBBaxt-4Er4lYgkW4OamtbCjM5xK3_EPYdas-Qks", "expire_date": "2021-08-07T23:17:42.069Z"}}, {"model": "sessions.session", "pk": "5isi83mflne4czqsmewak6vf5xt73fj1", "fields": {"session_data": ".eJxVjMsOwiAQRf-FtSHQQh1cuu83NMPMIFUDSR8r478rSRe6u7nn5LzUhPuWp32VZZpZXVQ3qNPvGZEeUhrhO5Zb1VTLtsxRN0UfdNVjZXleD_cvkHHNrWtDtKYf_EDeY0oJwRpPPTORsXB20JkUvoPFuSgdSOhBDAMldGCCen8A-_034g:1mCt9g:dRd4MNcbv7SB1Cu8bNpw-9TNDvinybJD3u0_lsym75M", "expire_date": "2021-08-23T00:28:36.206Z"}}, {"model": "sessions.session", "pk": "79ckks36r74dt6vuzg12vzmbrd674cn2", "fields": {"session_data": ".eJxVjj1PxDAQRP-LWzhrs_F3SU9Hb23szcUQ2ac4J4EQ_51EugLaeTNP8y0i3fcl3jtvsWQRxKDF899wovTB9ST5neq1ydTqvpVJnhX5oF2-tszry6P7T7BQX4614RktDaNWigx4hiE5babRGu18nhOwcxM78qisNmkma731OiEmTDbjIV2p73Ft11IPHwIOF3AXMG-AQZuAViIqQPUEEADOE517L61G_ryV7UuE0QD8_AL6e0rz:1mBq27:5lX1_7qmbS0kHG-XDoIJAKyipqm3ipUVSo8tLWsnfhc", "expire_date": "2021-08-06T03:56:27.228Z"}}, {"model": "sessions.session", "pk": "8yb6015f3w1fjsnh5o63fu8de2baxfr4", "fields": {"session_data": ".eJxVjEEOwiAQRe_C2hBogQ4u3fcMZBgYqZqSlHZlvLsh6UK3_7333yLgsZdwtLyFJYmr0OLyu0WkZ147SA9c71VSXfdtibIr8qRNzjXl1-10_w4KttLrNMZME3tDCgfgxJMlAKtdygTWs2Ol48CKo0erwJjRGBPRwgCeHIrPFwlROEc:1lqOuu:S_gjFwJ4_ivk6NWZS9TcMmNdVXyyyB8g0EDD8KH8OjE", "expire_date": "2021-06-21T23:44:24.928Z"}}, {"model": "sessions.session", "pk": "a53r9cw9clt53944ickniv7axbqqrsg9", "fields": {"session_data": ".eJxVjLuOwyAUBf-FNht0eRoot98uPYILjslaEBlHShTtv68juXE7M-e8yRz66ud2LZU4woGzMwxnri8cnLJOCCqFBiNOAA6AfBHfc--lVZ-f97K8iFMbC4918o-eF1_SdmPJgcWAv7l-RLqFem0UW12XEuknobvt9KelPH_v7eFgCn3a1lGxbEFro8yQWOQSIuCI0iQRMEXk1lgtFVppGBuDQsmEwjgEJZiV40D-_gH2_kpS:1m87hH:nMDA_6X07MFPqeDZo4J3PrvzJA7yhu9MJu4Otq7LK2c", "expire_date": "2021-07-26T20:59:40.145Z"}}, {"model": "sessions.session", "pk": "cd2262ajuz4txyots9kpm3h7t2gaiv5m", "fields": {"session_data": ".eJxVjrsOwiAUht-FVSUHCggd3d3cyeFm0QZMqYnG-O62iYOO_-3L_yIW7_Ng7y1ONgfSE0a2v55Df41lDcIFy7lSX8s8ZUfXCv2mjR5riOPh2_0DDNiGdR06F_0-GeEBuU4h7aXXWjIVotfSJJWAOZ4gOYMStBCdEMKh1Fwbr3CBjthmO9ZzLguPA2c70DtQJ4BemJ5JyrnqpNwsGmA90WJruRYbH7c8PUnfKYD3B0IAS6k:1mBo31:WQm59UQJRnbWuWqW2QcrNO_AY9o8ZAIC81ZzQ8Tpq1M", "expire_date": "2021-08-06T01:49:15.227Z"}}, {"model": "sessions.session", "pk": "d8mkpj8lqsc8r7l1t3o0rqxdja90oei5", "fields": {"session_data": ".eJxVjEEOwiAQRe_C2hBogQ4u3fcMZBgYqZqSlHZlvLsh6UK3_7333yLgsZdwtLyFJYmr0OLyu0WkZ147SA9c71VSXfdtibIr8qRNzjXl1-10_w4KttLrNMZME3tDCgfgxJMlAKtdygTWs2Ol48CKo0erwJjRGBPRwgCeHIrPFwlROEc:1mCR4w:M4PG4ipbIMAcxVjhqKYVRW2p9HduRGzeCkHu-8Vrmhs", "expire_date": "2021-08-21T18:29:50.748Z"}}, {"model": "sessions.session", "pk": "ewn3mf387rd54b6xgctoe9hwssdnknpf", "fields": {"session_data": ".eJxVjEEOwiAQRe_C2hBogQ4u3fcMZBgYqZqSlHZlvLsh6UK3_7333yLgsZdwtLyFJYmr0OLyu0WkZ147SA9c71VSXfdtibIr8qRNzjXl1-10_w4KttLrNMZME3tDCgfgxJMlAKtdygTWs2Ol48CKo0erwJjRGBPRwgCeHIrPFwlROEc:1mAk8u:NBV89u7ZU5oJq1HKgePiapUoXwLnUI7ak3En_FULsJ4", "expire_date": "2021-08-17T02:26:56.611Z"}}, {"model": "sessions.session", "pk": "g1pttndi9wry8i86ooxoxwmhr48eu6wx", "fields": {"session_data": ".eJxVjEEOwiAQRe_C2hBogQ4u3fcMZBgYqZqSlHZlvLsh6UK3_7333yLgsZdwtLyFJYmr0OLyu0WkZ147SA9c71VSXfdtibIr8qRNzjXl1-10_w4KttLrNMZME3tDCgfgxJMlAKtdygTWs2Ol48CKo0erwJjRGBPRwgCeHIrPFwlROEc:1m60pN:sjfqOfncj7iIkYIntrtXIM0eABmRsQOXk0XH9Qers-U", "expire_date": "2021-08-04T01:15:13.576Z"}}, {"model": "sessions.session", "pk": "nlhrfi2g7vv3y8lslmot0q53h9vvs4br", "fields": {"session_data": ".eJxVjrtuxCAURP-FNll0gYt5lOnTpUdwwWsSC1bGKyWK8u-xpS2Sds7M0XyzEO_7Eu6jbKFm5pljz3-zFOmjtBPk99iunVNv-1YTPyv8QQd_7bmsL4_uP8ESx3KskxbFwTRZbU0WSSIkoJnQZhUpJ5LOugk1ObRCzFETCqUpmaiVcDibQ7rGsYe1X2s7fBKkuIC9gHgD7aX2iNwoZVA9AXiA88QoY9TeQvm81e2LeTUB_PwC3I5K4Q:1mA3yq:9x1-1z26y0WW7atfYWPpAfqEpfliIb6fFO_5v3ErjIw", "expire_date": "2021-08-01T06:25:44.734Z"}}, {"model": "sessions.session", "pk": "ns779dh4fygnwionpazvq8d5gdpnd1ta", "fields": {"session_data": ".eJxVjEEOwiAQRe_C2hBogQ4u3fcMZBgYqZqSlHZlvLsh6UK3_7333yLgsZdwtLyFJYmr0OLyu0WkZ147SA9c71VSXfdtibIr8qRNzjXl1-10_w4KttLrNMZME3tDCgfgxJMlAKtdygTWs2Ol48CKo0erwJjRGBPRwgCeHIrPFwlROEc:1m0rjl:EbERBP68y8WzlWcn_uFmpCBmrwe_TRr3AnLrlrHh5x4", "expire_date": "2021-07-20T20:32:09.005Z"}}, {"model": "sessions.session", "pk": "olpzqqscfdq6x1ys7poqirxaxbsn0pju", "fields": {"session_data": ".eJxVjs1uwyAQhN-Faxq0hgWvOfbeW--IBRrTWlAZR2pV9d1jSzkk0pzm59P8CR-u2-yvPa--JOHEYMXLo8khfuV6JOkz1EuTsdVtLSyPirynXb61lJfXe_cJMIc-72vQBvQQR8YEKlnLTGiIpylSMshEu4jCh8ZINOWJcbQIbIwaM6ukd-gS-uaXdil15ylQwxnoDPod0ClyMEikETSeABzAcaLn3kurPv98l_VXOG0B_m_lqUrE:1mAm25:D_XCrCF6bKr7LStGdpQsJa7I_MuP0JPvvv6bCngWibo", "expire_date": "2021-08-03T05:28:01.488Z"}}, {"model": "sessions.session", "pk": "pzlzs7pmjapxp6ecn4ly4xmccua7zhkz", "fields": {"session_data": ".eJxVjEEOwiAQRe_C2hBogQ4u3fcMZBgYqZqSlHZlvLsh6UK3_7333yLgsZdwtLyFJYmr0OLyu0WkZ147SA9c71VSXfdtibIr8qRNzjXl1-10_w4KttLrNMZME3tDCgfgxJMlAKtdygTWs2Ol48CKo0erwJjRGBPRwgCeHIrPFwlROEc:1llcFK:faH6pqyHa--ewSXbHnESEGtZH5fBX7JyraxmtKKIgAw", "expire_date": "2021-06-08T18:57:42.671Z"}}, {"model": "sessions.session", "pk": "qqemyck7mrz0hhrgwaf9l9az6npeivxl", "fields": {"session_data": ".eJxVjEEOwiAQRe_C2hBogQ4u3fcMZBgYqZqSlHZlvLsh6UK3_7333yLgsZdwtLyFJYmr0OLyu0WkZ147SA9c71VSXfdtibIr8qRNzjXl1-10_w4KttLrNMZME3tDCgfgxJMlAKtdygTWs2Ol48CKo0erwJjRGBPRwgCeHIrPFwlROEc:1mAGkv:tHCngI9G7lXMzvL3B2SN3XD4334ducBwkHMZ_42I6Kk", "expire_date": "2021-08-15T19:04:13.475Z"}}, {"model": "sessions.session", "pk": "rypudno0t9qc9d14kgbed9j4z9a5keid", "fields": {"session_data": ".eJxVjEEOwiAQRe_C2hBogQ4u3fcMZBgYqZqSlHZlvLsh6UK3_7333yLgsZdwtLyFJYmr0OLyu0WkZ147SA9c71VSXfdtibIr8qRNzjXl1-10_w4KttLrNMZME3tDCgfgxJMlAKtdygTWs2Ol48CKo0erwJjRGBPRwgCeHIrPFwlROEc:1mCRzv:aJzjHrkpzujoYmJlrDxTnRuarGrgMat7CscBQMqD-lY", "expire_date": "2021-08-21T19:28:43.432Z"}}, {"model": "sessions.session", "pk": "tkae7v8od3u434hhhw65umqp387nx44q", "fields": {"session_data": ".eJxVjrtOxDAURP_FLax1r-N3SU9Hb9nXzsYQ2as4K4EQ_04ibQHtnJmj-WYh3vcl3EfZQs3MM8ee_2Yp0kdpJ8jvsV07p972rSZ-VviDDv7ac1lfHt1_giWO5VgnhcWB1lZZkzEJCQloJmnzFCknEs46LRU5aRHnqEjipCiZqCZ0cjaHdI1jD2u_1nb4BAi8gLkI84bGo_YSOTgEoZ4APMB5YpQxam-hfN7q9sX8pAF-fgHcjkre:1m8Qh7:GoWX0Q2QwxfU7KG9MTAUnDtiivcKjvwSq6f4QGD0woA", "expire_date": "2021-07-27T18:16:41.120Z"}}, {"model": "sessions.session", "pk": "x6n691f6czvabrhdq9nczsm6z15b5h4v", "fields": {"session_data": ".eJxVjsFuwyAQRP-Fa2u0rMEGjr33ljuCBcekFkTGkRJF_ffaUg7Ndd7M0zyZ87dtdreWVpcjs8ywz_9Z8PSTygHixZdz5VTLtubAjwp_0ca_a0zL16v7Jph9m_d1UCIZGAat9BhFQAkBaCKpY-8pBkKjzSAVGamFmLwiKXpFYfSqF0ZO4y5dfNvcUs-57D4EFB3oDvCEaKWxqPmIIIz6ALAAx4mWWsu1uHS_5vXBbD8A_P4B3WlK5g:1mAgkS:0jtJsILKiaghyjmJqBBXc-botWb4aGWmhTK2-ohWM6Q", "expire_date": "2021-08-02T23:49:28.721Z"}}, {"model": "sessions.session", "pk": "zs7xibvls9zyqcsvbruwzgdpv18otg2v", "fields": {"session_data": ".eJxVjEEOwiAQRe_C2hBogQ4u3fcMZBgYqZqSlHZlvLsh6UK3_7333yLgsZdwtLyFJYmr0OLyu0WkZ147SA9c71VSXfdtibIr8qRNzjXl1-10_w4KttLrNMZME3tDCgfgxJMlAKtdygTWs2Ol48CKo0erwJjRGBPRwgCeHIrPFwlROEc:1m8734:zR-hsxgE75F8s2HtyTIK9Iw_5WPvdxtaV6YcI_MdV0w", "expire_date": "2021-08-09T20:18:02.484Z"}}, {"model": "myapp.topic", "pk": 2, "fields": {"name": "Web Development", "length": 10}}, {"model": "myapp.topic", "pk": 3, "fields": {"name": "Management", "length": 12}}, {"model": "myapp.topic", "pk": 4, "fields": {"name": "IT Certification", "length": 14}}, {"model": "myapp.topic", "pk": 5, "fields": {"name": "Sports", "length": 8}}, {"model": "myapp.topic", "pk": 6, "fields": {"name": "Economics", "length": 12}}, {"model": "myapp.course", "pk": 1, "fields": {"title": "CCNA", "topic": 4, "price": "199.99", "hours": 0, "for_everyone": false, "description": "", "num_reviews": 0}}, {"model": "myapp.course", "pk": 2, "fields": {"title": "AWS", "topic": 4, "price": "119.99", "hours": 0, "for_everyone": true, "description": "", "num_reviews": 0}}, {"model": "myapp.course", "pk": 3, "fields": {"title": "CompTIA Security", "topic": 4, "price": "139.99", "hours": 0, "for_everyone": false, "description": "", "num_reviews": 3}}, {"model": "myapp.course", "pk": 4, "fields": {"title": "Oracle SQL", "topic": 4, "price": "159.99", "hours": 0, "for_everyone": false, "description": "", "num_reviews": 1}}, {"model": "myapp.course", "pk": 5, "fields": {"title": "Microeconomics", "topic": 6, "price": "199.99", "hours": 0, "for_everyone": false, "description": "", "num_reviews": 0}}, {"model": "myapp.course", "pk": 6, "fields": {"title": "Introduction to Economics", "topic": 6, "price": "174.99", "hours": 0, "for_everyone": true, "description": "", "num_reviews": 0}}, {"model": "myapp.course", "pk": 7, "fields": {"title": "Global Economics", "topic": 6, "price": "149.99", "hours": 0, "for_everyone": true, "description": "", "num_reviews": 0}}, {"model": "myapp.course", "pk": 8, "fields": {"title": "Web Dev Bootcamp", "topic": 2, "price": "199.99", "hours": 0, "for_everyone": true, "description": "", "num_reviews": 4}}, {"model": "myapp.course", "pk": 9, "fields": {"title": "Web Design", "topic": 2, "price": "159.99", "hours": 0, "for_everyone": false, "description": "", "num_reviews": 5}}, {"model": "myapp.course", "pk": 10, "fields": {"title": "Web Development Mastercalss", "topic": 2, "price": "124.99", "hours": 0, "for_everyone": true, "description": "", "num_reviews": 0}}, {"model": "myapp.course", "pk": 11, "fields": {"title": "Build Responsive Websites", "topic": 2, "price": "149.99", "hours": 0, "for_everyone": false, "description": "", "num_reviews": 1}}, {"model": "myapp.course", "pk": 12, "fields": {"title": "Innovation for Business", "topic": 3, "price": "174.99", "hours": 0, "for_everyone": true, "description": "", "num_reviews": 0}}, {"model": "myapp.course", "pk": 13, "fields": {"title": "Leadership Skills", "topic": 3, "price": "184.99", "hours": 0, "for_everyone": true, "description": "", "num_reviews": 4}}, {"model": "myapp.course", "pk": 14, "fields": {"title": "Project Management", "topic": 3, "price": "149.99", "hours": 0, "for_everyone": true, "description": "", "num_reviews": 0}}, {"model": "myapp.course", "pk": 15, "fields": {"title": "Sports Psychology", "topic": 5, "price": "174.99", "hours": 0, "for_everyone": true, "description": "", "num_reviews": 0}}, {"model": "myapp.course", "pk": 16, "fields": {"title": "Introduction to Soccer", "topic": 5, "price": "134.99", "hours": 0, "for_everyone": true, "description": "", "num_reviews": 1}}, {"model": "myapp.course", "pk": 17, "fields": {"title": "Swimming Guide for Beginners", "topic": 5, "price": "99.99", "hours": 0, "for_everyone": true, "description": "", "num_reviews": 0}}, {"model": "myapp.course", "pk": 18, "fields": {"title": "Something", "topic": 3, "price": "199.99", "hours": 10, "for_everyone": true, "description": "", "num_reviews": 0}}, {"model": "myapp.student", "pk": 2, "fields": {"level": "HS", "address": "123 University Avenue", "city": "", "province": "ON", "picture": "learn-default-profile-pic.jpg", "registered_courses": [4, 8, 9, 15, 17], "interested_in": [2, 3, 4]}}, {"model": "myapp.student", "pk": 3, "fields": {"level": "UG", "address": "235 Sunset Avenue", "city": "", "province": "BC", "picture": "learn-default-profile-pic.jpg", "registered_courses": [1, 3, 4, 9, 11, 15, 16, 17], "interested_in": [3, 6]}}, {"model": "myapp.student", "pk": 4, "fields": {"level": "ND", "address": "306 Prince Street", "city": "", "province": "AB", "picture": "learn-default-profile-pic.jpg", "registered_courses": [1, 2, 4, 8, 9, 10, 11], "interested_in": [3, 4, 5]}}, {"model": "myapp.student", "pk": 5, "fields": {"level": "PG", "address": "442 Sunset Avenue", "city": "", "province": "QC", "picture": "learn-default-profile-pic.jpg", "registered_courses": [15, 16, 17], "interested_in": [4, 5, 6]}}, {"model": "myapp.student", "pk": 6, "fields": {"level": "HS", "address": "987 King Street", "city": "", "province": "ON", "picture": "learn-default-profile-pic.jpg", "registered_courses": [1, 3, 5, 7, 11], "interested_in": [2]}}, {"model": "myapp.order", "pk": 23, "fields": {"student": 3, "order_status": 1, "order_date": "2021-07-21", "courses": []}}, {"model": "myapp.order", "pk": 25, "fields": {"student": 3, "order_status": 1, "order_date": "2021-07-21", "courses": [9, 11]}}, {"model": "myapp.order", "pk": 27, "fields": {"student": 3, "order_status": 1, "order_date": "2021-07-31", "courses": [3, 4]}}, {"model": "myapp.order", "pk": 28, "fields": {"student": 3, "order_status": 1, "order_date": "2021-07-31", "courses": [3, 4]}}, {"model": "myapp.review", "pk": 1, "fields": {"reviewer": "prab@prab.com", "course": 8, "rating": 4, "comments": "To be or not be", "date": "2021-07-19"}}, {"model": "myapp.review", "pk": 2, "fields": {"reviewer": "prab@prab.com", "course": 8, "rating": 2, "comments": "Not to be", "date": "2021-07-19"}}, {"model": "myapp.review", "pk": 3, "fields": {"reviewer": "haha@notfunny.com", "course": 13, "rating": 4, "comments": "Brilliant innit", "date": "2021-07-19"}}, {"model": "myapp.review", "pk": 4, "fields": {"reviewer": "haha@notfunny.com", "course": 13, "rating": 4, "comments": "Brilliant innit", "date": "2021-07-19"}}, {"model": "myapp.review", "pk": 5, "fields": {"reviewer": "haha@notfunny.com", "course": 13, "rating": 4, "comments": "Brilliant innit", "date": "2021-07-19"}}, {"model": "myapp.review", "pk": 6, "fields": {"reviewer": "haha@notfunny.com", "course": 13, "rating": 4, "comments": "Brilliant innit", "date": "2021-07-19"}}, {"model": "myapp.review", "pk": 7, "fields": {"reviewer": "email@wemail.com", "course": 8, "rating": 5, "comments": "ruddy brilliant harry", "date": "2021-07-19"}}, {"model": "myapp.review", "pk": 8, "fields": {"reviewer": "e@mail.com", "course": 16, "rating": 5, "comments": "", "date": "2021-07-19"}}, {"model": "myapp.review", "pk": 9, "fields": {"reviewer": "t@d.com", "course": 9, "rating": 4, "comments": "Brilliant", "date": "2021-07-20"}}, {"model": "myapp.review", "pk": 10, "fields": {"reviewer": "e@mail.com", "course": 9, "rating": 5, "comments": "Great", "date": "2021-07-20"}}, {"model": "myapp.review", "pk": 11, "fields": {"reviewer": "p@s.com", "course": 8, "rating": 3, "comments": "Not good", "date": "2021-07-20"}}, {"model": "myapp.review", "pk": 12, "fields": {"reviewer": "psd@gmial.com", "course": 4, "rating": 4, "comments": "Great", "date": "2021-07-20"}}, {"model": "myapp.review", "pk": 13, "fields": {"reviewer": "p@gmail.com", "course": 9, "rating": 4, "comments": "dada", "date": "2021-07-26"}}, {"model": "myapp.review", "pk": 14, "fields": {"reviewer": "p@g.com", "course": 3, "rating": 1, "comments": "Not good", "date": "2021-08-01"}}, {"model": "myapp.review", "pk": 15, "fields": {"reviewer": "a@b.com", "course": 3, "rating": 4, "comments": "Wow", "date": "2021-08-01"}}, {"model": "myapp.review", "pk": 16, "fields": {"reviewer": "p@g.com", "course": 3, "rating": 4, "comments": "Review", "date": "2021-08-01"}}, {"model": "myapp.review", "pk": 17, "fields": {"reviewer": "p@g.com", "course": 11, "rating": 4, "comments": "Great", "date": "2021-08-01"}}, {"model": "myapp.review", "pk": 18, "fields": {"reviewer": "try@pry.com", "course": 9, "rating": 5, "comments": "Lorem ipsum dolor sit amet, consectetur adipiscing elit. Aliquam porta quam vel ante ullamcorper, ut fringilla eros commodo. Nulla mauris sapien, sollicitudin nec justo sit amet, suscipit dictum libero. Praesent scelerisque hendrerit luctus. Suspendisse imperdiet elit diam, et laoreet erat interdum non. Phasellus rutrum libero eu scelerisque aliquam. Vivamus sodales vehicula purus ut feugiat. Ut vitae est quis lacus semper mollis ornare in tellus. Duis eget ante id odio vulputate porta non ut nunc.\r\n\r\nMaecenas vestibulum rutrum nisl ut commodo. Aliquam varius maximus diam, at lobortis orci imperdiet ac. Aliquam eleifend augue sit amet sem sollicitudin euismod. Donec volutpat erat non dui auctor lacinia. Phasellus eget auctor est. Ut iaculis aliquet nisi, et eleifend ipsum tristique vitae. Aliquam vulputate vestibulum purus, non egestas lacus auctor et. Donec sagittis purus ac rhoncus elementum.\r\n\r\nFusce vitae sem at felis condimentum pharetra. Vestibulum id tempor mauris. Donec consectetur egestas orci, a eleifend urna bibendum tincidunt. Aliquam erat volutpat. In hac habitasse platea dictumst. Pellentesque habitant morbi tristique senectus et netus et malesuada fames ac turpis egestas. Etiam nunc neque, sollicitudin ac gravida ut, porttitor eu purus. Morbi massa felis, sodales at felis ac, varius aliquet mauris. In placerat elit erat, eget maximus metus eleifend a. Interdum et malesuada fames ac ante ipsum primis in faucibus. Ut feugiat, ante et mattis ultricies, sem sem commodo odio, et elementum nisi sapien non nisi. Nullam faucibus lorem augue, ut bibendum elit facilisis interdum.\r\n\r\nEtiam et diam nec erat malesuada vestibulum. Morbi nec ex lacinia, tincidunt augue et, faucibus lacus. Quisque tempus aliquet quam, quis volutpat erat molestie eget. Nulla dignissim elementum molestie. Morbi vitae dictum eros. Donec vestibulum urna ut lacus varius euismod. In hac habitasse platea dictumst. Nullam ultricies varius ante vel imperdiet. Maecenas vulputate turpis vitae justo rhoncus finibus. Proin vulputate convallis dui a rhoncus. In sed fringilla eros, quis dapibus lorem. Etiam sed tincidunt mauris, id venenatis nisi. Nunc hendrerit nunc id vehicula sodales.\r\n\r\nSed vulputate lobortis aliquet. Mauris vel tristique purus. Nullam mollis placerat sagittis. Sed rhoncus cursus commodo. Suspendisse interdum quam non nisl venenatis convallis. Sed volutpat libero nec nibh laoreet fringilla. Donec vulputate elit et felis mattis rhoncus. Duis convallis, mauris sed dapibus scelerisque, augue massa aliquet purus, a imperdiet elit turpis eu mauris. Etiam in est bibendum, condimentum ante quis, finibus nisi. Mauris hendrerit a enim et pellentesque. Ut nec sem et ex placerat egestas. Nunc a lectus et sem congue ultrices ac vitae enim. Donec vulputate purus sem, et imperdiet nunc ornare vel.\r\n\r\nInteger condimentum pellentesque velit, non tempor risus. Quisque elementum, lacus id dictum congue, nisi nunc feugiat arcu, ac viverra turpis nibh ut lorem. Sed pharetra sed ligula eu mollis. Etiam elementum non risus ac convallis. Donec sit amet dolor non lectus hendrerit maximus ut ut turpis. Ut dignissim vestibulum eros, nec sollicitudin sapien lacinia eget. Nullam sed turpis non lectus lobortis molestie sed non eros. Nunc malesuada dolor arcu, non porta libero placerat et. Nunc rhoncus et mi quis porttitor. Duis faucibus finibus nibh. Mauris.", "date": "2021-08-02"}}, {"model": "myapp.review", "pk": 19, "fields": {"reviewer": "e@d.com", "course": 9, "rating": 1, "comments": "", "date": "2021-08-02"}}]